X,Y,Name,Longitude,Latitude,Altitude (,Comments,Support He,Support Ty,of UL CEs,of DL CEs,Max Iub UL,Max Iub DL,Equipment,of EV-DO C,Max Backha,Max Backha_1,Alias,Operator,ID_Vtal,Name_2,icon_url
-46.681600000029,-23.5262999988426,Claro_690196423,-46,-23,,R TURIASSU,50,,256,256,12288,12288,,96,950000,950000,,Claro,,,./0.png
-46.677130000029,-23.5200499988428,Claro_1008537796,-46,-23,,AV MARQUES DE SAO VICENTE,50,,256,256,12288,12288,,96,950000,950000,,Claro,,,./0.png
-46.755600000029,-23.6520299988384,Claro_1007911945,-46,-23,,R DOUTOR BUENO DE AZEVEDO,50,,256,256,12288,12288,,96,950000,950000,,Claro,,,./0.png
-46.765160000029,-23.665039998838,Claro_2744147,-46,-23,,R JOÃO DE GOIS,50,,256,256,12288,12288,,96,950000,950000,,Claro,,,./0.png
-46.6545600000291,-23.546849998842,Claro_683887807,-46,-23,,R PÍAUI,50,,256,256,12288,12288,,96,950000,950000,,Claro,,,./0.png
-46.6347400000292,-23.5525199988418,Claro_683912127,-46,-23,,LARGO SETE DE SETEMBRO,50,,256,256,12288,12288,,96,950000,950000,,Claro,,,./0.png
-46.6334000000292,-23.546499998842,Claro_687372682,-46,-23,,R XV DE NOVEMBRO,50,,256,256,12288,12288,,96,950000,950000,,Claro,,,./0.png
-46.673940000029,-23.5349299988423,Claro_379968371,-46,-23,,R MINERVA,50,,256,256,12288,12288,,96,950000,950000,,Claro,,,./0.png
-46.6511000000291,-23.5369999988423,Claro_2163993,-46,-23,,R DAS PALMEIRAS,50,,256,256,12288,12288,,96,950000,950000,,Claro,,,./0.png
-46.6664400000291,-23.5307699988424,Claro_3152707,-46,-23,,R LINCOLN ALBUQUERQUE,50,,256,256,12288,12288,,96,950000,950000,,Claro,,,./0.png
-46.6064000000293,-23.5335999988425,Claro_534896871,-46,-23,,R SANTA CLARA,50,,256,256,12288,12288,,96,950000,950000,,Claro,,,./0.png
-46.6716700000291,-23.5474999988419,Claro_1010112217,-46,-23,,"RUA ALMIRANTE PEREIRA GUIMARAES, 192, PACAEMBU",50,,256,256,12288,12288,,96,950000,950000,,Claro,,,./0.png
-46.6549000000292,-23.5629699988414,Claro_1015182256,-46,-23,,AV PAULISTA,50,,256,256,12288,12288,,96,950000,950000,,Claro,,,./0.png
-46.6376500000292,-23.5420799988421,Claro_696683075,-46,-23,,R ANTÔNIO DE GODOI,50,,256,256,12288,12288,,96,950000,950000,,Claro,,,./0.png
-46.6446700000292,-23.5673399988413,Claro_683136216,-46,-23,,R TREZE DE MAIO,50,,256,256,12288,12288,,96,950000,950000,,Claro,,,./0.png
-46.687140000029,-23.5670099988412,Claro_684151774,-46,-23,,R DOS PINHEIROS,50,,256,256,12288,12288,,96,950000,950000,,Claro,,,./0.png
-46.6522200000292,-23.5613799988415,Claro_684338033,-46,-23,,AL RIO CLARO,50,,256,256,12288,12288,,96,950000,950000,,Claro,,,./0.png
-46.6664600000291,-23.5647899988413,Claro_683893629,-46,-23,,R AUGUSTA,50,,256,256,12288,12288,,96,950000,950000,,Claro,,,./0.png
-46.6244100000292,-23.5447699988421,Claro_687663628,-46,-23,,R DO GASÔMETRO,50,,256,256,12288,12288,,96,950000,950000,,Claro,,,./0.png
-46.6542200000291,-23.544839998842,Claro_683889192,-46,-23,,AV HIGIENÓPOLIS,50,,256,256,12288,12288,,96,950000,950000,,Claro,,,./0.png
-46.6382300000292,-23.5486999988419,Claro_683895133,-46,-23,,R SÃO FRANCISCO,50,,256,256,12288,12288,,96,950000,950000,,Claro,,,./0.png
-46.7297280000291,-23.6492259988385,Claro_442514778,-46,-23,,"AV MARIA COELHO AGUIAR, 215/ BLOCO  G, JARDIM SÃO LUIS",50,,256,256,12288,12288,,96,950000,950000,,Claro,,,./0.png
-46.6497600000291,-23.5314099988425,Claro_683941798,-46,-23,,ALAMEDA BARÃO DE LIMEIRA,50,,256,256,12288,12288,,96,950000,950000,,Claro,,,./0.png
-46.674220000029,-23.5268999988426,Claro_3624161,-46,-23,,AV FRANCISCO MATARAZZO,50,,256,256,12288,12288,,96,950000,950000,,Claro,,,./0.png
-46.6371000000292,-23.5560999988417,Claro_683896008,-46,-23,,R JACEGUAI,50,,256,256,12288,12288,,96,950000,950000,,Claro,,,./0.png
-46.6603700000291,-23.5506299988418,Claro_1005933011,-46,-23,,AV ANGELICA,50,,256,256,12288,12288,,96,950000,950000,,Claro,,,./0.png
-46.6429000000292,-23.5422999988421,Claro_688916287,-46,-23,,PRAÇA DA REPÚBLICA,50,,256,256,12288,12288,,96,950000,950000,,Claro,,,./0.png
-46.6140100000292,-23.5231999988428,Claro_696668823,-46,-23,,PC NOSSA SENHORA DAS OLIVEIRAS,50,,256,256,12288,12288,,96,950000,950000,,Claro,,,./0.png
-46.6527600000292,-23.5539399988417,Claro_684595028,-46,-23,,R FREI CANECA,50,,256,256,12288,12288,,96,950000,950000,,Claro,,,./0.png
-46.6377100000292,-23.5626899988415,Claro_683895923,-46,-23,,R PIRAPITINGUI,50,,256,256,12288,12288,,96,950000,950000,,Claro,,,./0.png
-46.6734100000291,-23.5586199988415,Claro_1015792119,-46,-23,,R OSCAR FREIRE,50,,256,256,12288,12288,,96,950000,950000,,Claro,,,./0.png
-46.6386185700292,-23.546695708842,Claro_682653861,-46,-23,,"R CORONEL XAVIER DE TOLEDO, 23, REPUBLICA",50,,256,256,12288,12288,,96,950000,950000,,Claro,,,./0.png
-46.685320000029,-23.5360399988422,Claro_2792842,-46,-23,,R CARAÍBAS,50,,256,256,12288,12288,,96,950000,950000,,Claro,,,./0.png
-46.6317400000293,-23.5603599988416,Claro_608248568,-46,-23,,R TAMANDARÉ,50,,256,256,12288,12288,,96,950000,950000,,Claro,,,./0.png
-46.6552400000291,-23.5411199988421,Claro_683887572,-46,-23,,AV ANGÉLICA,50,,256,256,12288,12288,,96,950000,950000,,Claro,,,./0.png
-46.6515800000292,-23.5515299988418,Claro_2164060,-46,-23,,R AUGUSTA,50,,256,256,12288,12288,,96,950000,950000,,Claro,,,./0.png
-46.6326100000292,-23.5417199988421,Claro_506227286,-46,-23,,R FLORÊNCIO DE ABREU,50,,256,256,12288,12288,,96,950000,950000,,Claro,,,./0.png
-46.6241000000292,-23.516589998843,Claro_1013131697,-46,-23,,AV CRUZEIRO DO SUL,50,,256,256,12288,12288,,96,950000,950000,,Claro,,,./0.png
-46.6575300000291,-23.5415999988421,Claro_403012384,-46,-23,,R DOUTOR VEIGA FILHO,50,,256,256,12288,12288,,96,950000,950000,,Claro,,,./0.png
-46.6611900000291,-23.5387899988422,Claro_696577321,-46,-23,,R CONSELHEIRO BROTERO,50,,256,256,12288,12288,,96,950000,950000,,Claro,,,./0.png
-46.6617000000291,-23.5423199988421,Claro_684147343,-46,-23,,R PERNAMBUCO,50,,256,256,12288,12288,,96,950000,950000,,Claro,,,./0.png
-46.7258300000291,-23.6473799988386,Claro_1013051618,-46,-23,,AV NAÇÕES UNIDAS,50,,256,256,12288,12288,,96,950000,950000,,Claro,,,./0.png
-46.6623500000291,-23.5582899988416,Claro_684147530,-46,-23,,AL SANTOS,50,,256,256,12288,12288,,96,950000,950000,,Claro,,,./0.png
-46.6502200000291,-23.5291999988425,Claro_534783244,-46,-23,,R CONSELHEIRO NÉBIAS,50,,256,256,12288,12288,,96,950000,950000,,Claro,,,./0.png
-46.6368000000293,-23.5675999988413,Claro_403013518,-46,-23,,R CASTRO ALVES,50,,256,256,12288,12288,,96,950000,950000,,Claro,,,./0.png
-46.6577400000292,-23.5661099988413,Claro_684147432,-46,-23,,AV NOVE DE  JULHO,50,,256,256,12288,12288,,96,950000,950000,,Claro,,,./0.png
-46.6453100000292,-23.5562299988417,Claro_683934910,-46,-23,,R RUI BARBOSA,50,,256,256,12288,12288,,96,950000,950000,,Claro,,,./0.png
-46.673890000029,-23.5330499988423,Claro_683841912,-46,-23,,R PINTO GONÇALVES,50,,256,256,12288,12288,,96,950000,950000,,Claro,,,./0.png
-46.6360400000292,-23.5261699988426,Claro_683868918,-46,-23,,R JOAQUIM MURTINHO,50,,256,256,12288,12288,,96,950000,950000,,Claro,,,./0.png
-46.6701000000291,-23.5628899988414,Claro_684259192,-46,-23,,R DA CONSOLAÇÃO,50,,256,256,12288,12288,,96,950000,950000,,Claro,,,./0.png
-46.6286900000292,-23.5345999988424,Claro_534888429,-46,-23,,R DJALMA DUTRA,50,,256,256,12288,12288,,96,950000,950000,,Claro,,,./0.png
-46.6705600000291,-23.5477799988419,Claro_1010144640,-46,-23,,"RUA TEODORO RAMOS, 173, PACAEMBU",50,,256,256,12288,12288,,96,950000,950000,,Claro,,,./0.png
-46.6602500000291,-23.5356299988423,Claro_683902695,-46,-23,,R CONSELHEIRO BROTERO,50,,256,256,12288,12288,,96,950000,950000,,Claro,,,./0.png
-46.667180000029,-23.512939998843,Claro_405604670,-46,-23,,R SAMARITÁ,50,,256,256,12288,12288,,96,950000,950000,,Claro,,,./0.png
-46.6286600000292,-23.5405499988422,Claro_431055963,-46,-23,,AV MERCÚRIO,50,,256,256,12288,12288,,96,950000,950000,,Claro,,,./0.png
-46.6133000000293,-23.5372999988423,Claro_683013319,-46,-23,,R RUBINO DE OLIVEIRA,50,,256,256,12288,12288,,96,950000,950000,,Claro,,,./0.png
-46.6511000000292,-23.5657099988414,Claro_1015182221,-46,-23,,AV PAULISTA,50,,256,256,12288,12288,,96,950000,950000,,Claro,,,./0.png
-46.6417800000292,-23.5627899988415,Claro_431055904,-46,-23,,RUA MARTINIANO DE CARVALHO,50,,256,256,12288,12288,,96,950000,950000,,Claro,,,./0.png
-46.6336100000292,-23.5449199988421,Claro_684741113,-46,-23,,R BOA VISTA,50,,256,256,12288,12288,,96,950000,950000,,Claro,,,./0.png
-46.755990000029,-23.6682599988379,Claro_683867407,-46,-23,,R DEOCLECIANO DE OLIVEIRA FILHO,50,,256,256,12288,12288,,96,950000,950000,,Claro,,,./0.png
-46.6609300000292,-23.5643299988414,Claro_1009256448,-46,-23,,AL FRANCA,50,,256,256,12288,12288,,96,950000,950000,,Claro,,,./0.png
-46.6575000000291,-23.5425999988421,Claro_577969765,-46,-23,,AV HIGIENÓPOLIS,50,,256,256,12288,12288,,96,950000,950000,,Claro,,,./0.png
-46.6593700000292,-23.5608399988415,Claro_682813052,-46,-23,,AL SANTOS,50,,256,256,12288,12288,,96,950000,950000,,Claro,,,./0.png
-46.6440200000291,-23.5169799988429,Claro_1014896735,-46,-23,,AV OLAVO FONTOURA,50,,256,256,12288,12288,,96,950000,950000,,Claro,,,./0.png
-46.6201800000293,-23.5565899988417,Claro_1005012080,-46,-23,,AV DO ESTADO,50,,256,256,12288,12288,,96,950000,950000,,Claro,,,./0.png
-46.6374800000292,-23.5442699988421,Claro_695531344,-46,-23,,AV SÃO JOÃO,50,,256,256,12288,12288,,96,950000,950000,,Claro,,,./0.png
-46.6467200000292,-23.5636199988414,Claro_1004601902,-46,-23,,R DOS INGLESES,50,,256,256,12288,12288,,96,950000,950000,,Claro,,,./0.png
-46.6437000000292,-23.5526099988418,Claro_683895150,-46,-23,,R SÃO DOMINGOS,50,,256,256,12288,12288,,96,950000,950000,,Claro,,,./0.png
-46.6722200000291,-23.5483299988419,Claro_1010112195,-46,-23,,"RUA TEODORO RAMOS, 340, PACAEMBU",50,,256,256,12288,12288,,96,950000,950000,,Claro,,,./0.png
-46.688470000029,-23.5645599988413,Claro_405610432,-46,-23,,R NAVARRO DE ANDRADE,50,,256,256,12288,12288,,96,950000,950000,,Claro,,,./0.png
-46.6199000000293,-23.5440999988421,Claro_534767303,-46,-23,,RUA OIAPOQUE,50,,256,256,12288,12288,,96,950000,950000,,Claro,,,./0.png
-46.6880100000289,-23.5170099988428,Claro_688566448,-46,-23,,R BONIFÁCIO DE ANDRADE,50,,256,256,12288,12288,,96,950000,950000,,Claro,,,./0.png
-46.6545400000291,-23.5252899988426,Claro_683868888,-46,-23,,R CRUZEIRO,50,,256,256,12288,12288,,96,950000,950000,,Claro,,,./0.png
-46.6340000000292,-23.5288999988426,Claro_687380944,-46,-23,,R AFONSO PENA,50,,256,256,12288,12288,,96,950000,950000,,Claro,,,./0.png
-46.6453800000291,-23.5210999988428,Claro_683894900,-46,-23,,RUA SÉRGIO TOMÁS,50,,256,256,12288,12288,,96,950000,950000,,Claro,,,./0.png
-46.6584000000291,-23.5372999988422,Claro_523064152,-46,-23,,R DOUTOR BRASÍLIO MACHADO,50,,256,256,12288,12288,,96,950000,950000,,Claro,,,./0.png
-46.6201000000292,-23.516549998843,Claro_683944290,-46,-23,,R MARIA PRESTES MAIA,50,,256,256,12288,12288,,96,950000,950000,,Claro,,,./0.png
-46.6510000000292,-23.5650999988414,Claro_689390750,-46,-23,,AV PAULISTA,50,,256,256,12288,12288,,96,950000,950000,,Claro,,,./0.png
-46.6455200000292,-23.5597599988416,Claro_690656084,-46,-23,,R FORTALEZA,50,,256,256,12288,12288,,96,950000,950000,,Claro,,,./0.png
-46.6426000000291,-23.5261999988426,Claro_683911546,-46,-23,,R TENENTE PENA,50,,256,256,12288,12288,,96,950000,950000,,Claro,,,./0.png
-46.6243800000292,-23.5218799988428,Claro_2337010,-46,-23,,AV PRESIDENTE CASTELO BRANCO,50,,256,256,12288,12288,,96,950000,950000,,Claro,,,./0.png
-46.772250000029,-23.6603799988381,Claro_683867342,-46,-23,,EST DE ITAPECERICA,50,,256,256,12288,12288,,96,950000,950000,,Claro,,,./0.png
-46.6275000000293,-23.5572199988417,Claro_690812450,-46,-23,,R SÃO PAULO,50,,256,256,12288,12288,,96,950000,950000,,Claro,,,./0.png
-46.6458300000291,-23.5391699988422,Claro_683894960,-46,-23,,AV SÃO JOÃO,50,,256,256,12288,12288,,96,950000,950000,,Claro,,,./0.png
-46.6400500000291,-23.516379998843,Claro_1011649818,-46,-23,,R PROFESSOR MILTON RODRIGUES,50,,256,256,12288,12288,,96,950000,950000,,Claro,,,./0.png
-46.6811100000291,-23.5608299988414,Claro_534592236,-46,-23,,R FRANCISCO LEITÃO,50,,256,256,12288,12288,,96,950000,950000,,Claro,,,./0.png
-46.6189000000292,-23.5371299988423,Claro_1011649800,-46,-23,,R JULIO RIBEIRO,50,,256,256,12288,12288,,96,950000,950000,,Claro,,,./0.png
-46.6201900000293,-23.5611899988416,Claro_431056170,-46,-23,,R DOS ALPES,50,,256,256,12288,12288,,96,950000,950000,,Claro,,,./0.png
-46.6161800000293,-23.5652499988415,Claro_683874195,-46,-23,,R  FREIRE DA SILVA,50,,256,256,12288,12288,,96,950000,950000,,Claro,,,./0.png
-46.7219700000291,-23.6394699988389,Claro_1012126495,-46,-23,,AV DAS NACOES UNIDAS,50,,256,256,12288,12288,,96,950000,950000,,Claro,,,./0.png
-46.6181500000292,-23.5308499988425,Claro_1006803170,-46,-23,,RUA CORONEL SILVA GOMES,50,,256,256,12288,12288,,96,950000,950000,,Claro,,,./0.png
-46.6572300000292,-23.5604499988415,Claro_1015182248,-46,-23,,AV PAULISTA,50,,256,256,12288,12288,,96,950000,950000,,Claro,,,./0.png
-46.6679200000291,-23.5588199988415,Claro_683893645,-46,-23,,R DOUTOR MELO ALVES,50,,256,256,12288,12288,,96,950000,950000,,Claro,,,./0.png
-46.6590500000291,-23.5586499988416,Claro_684147360,-46,-23,,AV PAULISTA,50,,256,256,12288,12288,,96,950000,950000,,Claro,,,./0.png
-46.6125100000293,-23.5402199988423,Claro_1009591395,-46,-23,,R DOUTOR RICARDO GONÇALVES,50,,256,256,12288,12288,,96,950000,950000,,Claro,,,./0.png
-46.6610100000291,-23.5576299988416,Claro_1015182213,-46,-23,,AV PAULISTA,50,,256,256,12288,12288,,96,950000,950000,,Claro,,,./0.png
-46.6503300000292,-23.5659299988414,Claro_1353713,-46,-23,,AV PAULISTA,50,,256,256,12288,12288,,96,950000,950000,,Claro,,,./0.png
-46.6492200000292,-23.5439999988421,Claro_684338025,-46,-23,,R MARQUES DE ITU,50,,256,256,12288,12288,,96,950000,950000,,Claro,,,./0.png
-46.6133600000293,-23.5539799988418,Claro_683013262,-46,-23,,R ANDRÉ DE LEÃO,50,,256,256,12288,12288,,96,950000,950000,,Claro,,,./0.png
-46.6314700000292,-23.5260799988427,Claro_431368287,-46,-23,,AV SANTOS DUMONT,50,,256,256,12288,12288,,96,950000,950000,,Claro,,,./0.png
-46.6793000000291,-23.5666699988413,Claro_697433080,-46,-23,,R JOAQUIM ANTUNES,50,,256,256,12288,12288,,96,950000,950000,,Claro,,,./0.png
-46.687650000029,-23.543629998842,Claro_683841939,-46,-23,,R CAIOWAA,50,,256,256,12288,12288,,96,950000,950000,,Claro,,,./0.png
-46.6516700000292,-23.5661099988413,Claro_1010250741,-46,-23,,"AVENIDA PAULISTA, 901, BELA VISTA",50,,256,256,12288,12288,,96,950000,950000,,Claro,,,./0.png
-46.688380000029,-23.5318099988424,Claro_688033229,-46,-23,,R CORONEL MELO OLIVEIRA,50,,256,256,12288,12288,,96,950000,950000,,Claro,,,./0.png
-46.6661100000291,-23.5483299988419,Claro_1010112152,-46,-23,,"RUA DESEMBARGADOR PAULO PASSALAQUA, 308, PACAEMBU",50,,256,256,12288,12288,,96,950000,950000,,Claro,,,./0.png
-46.6384000000292,-23.5315999988425,Claro_396840035,-46,-23,,R JOSÉ PAULINO,50,,256,256,12288,12288,,96,950000,950000,,Claro,,,./0.png
-46.7297400000291,-23.6493099988386,Claro_1007231294,-46,-23,,AV MARIA COELHO AGUIAR,50,,256,256,12288,12288,,96,950000,950000,,Claro,,,./0.png
-46.6517000000291,-23.544739998842,Claro_399912622,-46,-23,,R DONA VERIDIANA,50,,256,256,12288,12288,,96,950000,950000,,Claro,,,./0.png
-46.6564900000291,-23.546219998842,Claro_683032020,-46,-23,,R ITACOLOMI,50,,256,256,12288,12288,,96,950000,950000,,Claro,,,./0.png
-46.679200000029,-23.5507999988418,Claro_3764079,-46,-23,,R OSCAR FREIRE,50,,256,256,12288,12288,,96,950000,950000,,Claro,,,./0.png
-46.6551500000292,-23.5653799988414,Claro_683889273,-46,-23,,R PAMPLONA,50,,256,256,12288,12288,,96,950000,950000,,Claro,,,./0.png
-46.6168900000293,-23.5348599988424,Claro_1005349964,-46,-23,,R MARIA MARCOLINA,50,,256,256,12288,12288,,96,950000,950000,,Claro,,,./0.png
-46.6182300000293,-23.5364899988424,Claro_1011649834,-46,-23,,R BARAO DE LADARIO,50,,256,256,12288,12288,,96,950000,950000,,Claro,,,./0.png
-46.6614500000291,-23.5472099988419,Claro_1015182191,-46,-23,,R CEARA,50,,256,256,12288,12288,,96,950000,950000,,Claro,,,./0.png
-46.6314000000293,-23.5575999988417,Claro_683874292,-46,-23,,R BARÃO DE IGUAPE,50,,256,256,12288,12288,,96,950000,950000,,Claro,,,./0.png
-46.6613000000291,-23.5566799988416,Claro_1011649664,-46,-23,,AV PAULISTA,50,,256,256,12288,12288,,96,950000,950000,,Claro,,,./0.png
-46.6547500000291,-23.5214199988428,Claro_405604327,-46,-23,,R CRUZEIRO,50,,256,256,12288,12288,,96,950000,950000,,Claro,,,./0.png
-46.6517300000291,-23.5388299988422,Claro_684147564,-46,-23,,R MARTINS FRANCISCO,50,,256,256,12288,12288,,96,950000,950000,,Claro,,,./0.png
-46.6312100000292,-23.546839998842,Claro_410480983,-46,-23,,PARQUE DOM PEDRO SEGUNDO,50,,256,256,12288,12288,,96,950000,950000,,Claro,,,./0.png
-46.686520000029,-23.5467999988419,Claro_696577496,-46,-23,,R APINAJÉS,50,,256,256,12288,12288,,96,950000,950000,,Claro,,,./0.png
-46.6748800000291,-23.5556799988416,Claro_683893688,-46,-23,,R TEODORO SAMPAIO,50,,256,256,12288,12288,,96,950000,950000,,Claro,,,./0.png
-46.7828600000289,-23.6505999988384,Claro_692274995,-46,-23,,RUA SEBASTIAO ADVINCULA DA CUNHA,50,,256,256,12288,12288,,96,950000,950000,,Claro,,,./0.png
-46.6615600000291,-23.5392599988422,Claro_696576589,-46,-23,,R CONSELHEIRO BROTERO,50,,256,256,12288,12288,,96,950000,950000,,Claro,,,./0.png
-46.6696000000291,-23.5645999988414,Claro_1014316089,-46,-23,,R VITÓRIO FASANO,50,,256,256,12288,12288,,96,950000,950000,,Claro,,,./0.png
-46.6697200000291,-23.5477799988419,Claro_1010112136,-46,-23,,"RUA CASSIO MARTINS VILACA, 158, PACAEMBU",50,,256,256,12288,12288,,96,950000,950000,,Claro,,,./0.png
-46.6357800000292,-23.5608199988416,Claro_696717611,-46,-23,,R SÃO JOAQUIM,50,,256,256,12288,12288,,96,950000,950000,,Claro,,,./0.png
-46.757940000029,-23.6557099988383,Claro_683867326,-46,-23,,R JOSÉ SERRA RIBEIRO,50,,256,256,12288,12288,,96,950000,950000,,Claro,,,./0.png
-46.6059100000293,-23.5509699988419,Claro_683943979,-46,-23,,R JOÃO CAETANO,50,,256,256,12288,12288,,96,950000,950000,,Claro,,,./0.png
-46.6258000000292,-23.5490999988419,Claro_690921047,-46,-23,,R DA FIGUEIRA,50,,256,256,12288,12288,,96,950000,950000,,Claro,,,./0.png
-46.6713900000291,-23.5497199988418,Claro_1010112179,-46,-23,,"RUA FLAVIO QUEIROS MORAIS, 94, PACAEMBU",50,,256,256,12288,12288,,96,950000,950000,,Claro,,,./0.png
-46.6077100000294,-23.5670599988414,Claro_1008006782,-46,-23,,R  PRESIDENTE SOARES BRANDAO,50,,256,256,12288,12288,,96,950000,950000,,Claro,,,./0.png
-46.6150000000292,-23.5309999988425,Claro_674688872,-46,-23,,RUA MENDES GONÇALVES,50,,256,256,12288,12288,,96,950000,950000,,Claro,,,./0.png
-46.6679000000291,-23.5359399988423,Claro_682597481,-46,-23,,R ITAPICURÚ,50,,256,256,12288,12288,,96,950000,950000,,Claro,,,./0.png
-46.6199700000292,-23.5400199988422,Claro_691281114,-46,-23,,R DA JUTA,50,,256,256,12288,12288,,96,950000,950000,,Claro,,,./0.png
-46.681280000029,-23.5461199988419,Claro_683841998,-46,-23,,R DOUTOR ARNALDO,50,,256,256,12288,12288,,96,950000,950000,,Claro,,,./0.png
-46.7323200000291,-23.6396799988388,Claro_1014689721,-46,-23,,R AFONSO VIDAL,50,,256,256,12288,12288,,96,950000,950000,,Claro,,,./0.png
-46.680700000029,-23.5526999988417,Claro_683858882,-46,-23,,R ALVES GUIMARÃES,50,,256,256,12288,12288,,96,950000,950000,,Claro,,,./0.png
-46.683400000029,-23.5240299988426,Claro_2331691,-46,-23,,R CARLOS VICARI,50,,256,256,12288,12288,,96,950000,950000,,Claro,,,./0.png
-46.7359000000291,-23.6493999988385,Claro_2744244,-46,-23,,R LUÍS GRASSMANN,50,,256,256,12288,12288,,96,950000,950000,,Claro,,,./0.png
-46.6289000000292,-23.5228999988428,Claro_683915703,-46,-23,,AV TIRADENTES,50,,256,256,12288,12288,,96,950000,950000,,Claro,,,./0.png
-46.680470000029,-23.5349999988423,Claro_684927012,-46,-23,,R CAIUBI,50,,256,256,12288,12288,,96,950000,950000,,Claro,,,./0.png
-46.6309500000292,-23.5551199988417,Claro_534592112,-46,-23,,R DOS ESTUDANTES,50,,256,256,12288,12288,,96,950000,950000,,Claro,,,./0.png
-46.6474500000292,-23.546479998842,Claro_683887637,-46,-23,,R AMARAL GURGEL,50,,256,256,12288,12288,,96,950000,950000,,Claro,,,./0.png
-46.6422200000291,-23.5166599988429,Claro_659051214,-46,-23,,AV OLAVO FONTOURA,50,,256,256,12288,12288,,96,950000,950000,,Claro,,,./0.png
-46.6666700000291,-23.545559998842,Claro_1010112187,-46,-23,,"AVENIDA ARNOLFO AZEVEDO, 231, PACAEMBU",50,,256,256,12288,12288,,96,950000,950000,,Claro,,,./0.png
-46.6528800000292,-23.5634999988414,Claro_1010205738,-46,-23,,AV PAULISTA,50,,256,256,12288,12288,,96,950000,950000,,Claro,,,./0.png
-46.6730000000291,-23.5608999988415,Claro_431055688,-46,-23,,AV REBOUÇAS,50,,256,256,12288,12288,,96,950000,950000,,Claro,,,./0.png
-46.6579100000291,-23.5477699988419,Claro_1008537770,-46,-23,,R SERGIPE,50,,256,256,12288,12288,,96,950000,950000,,Claro,,,./0.png
-46.681540000029,-23.5280899988425,Claro_690598793,-46,-23,,R VENÂNCIO AIRES,50,,256,256,12288,12288,,96,950000,950000,,Claro,,,./0.png
-46.6435000000292,-23.547199998842,Claro_687980208,-46,-23,,R DA CONSOLAÇÃO,50,,256,256,12288,12288,,96,950000,950000,,Claro,,,./0.png
-46.687780000029,-23.5588899988415,Claro_1004665617,-46,-23,,"RUA INÁCIO PEREIRA DA ROCHA, 41 , PINHEIROS",50,,256,256,12288,12288,,96,950000,950000,,Claro,,,./0.png
-46.6453800000292,-23.5494999988419,Claro_534888372,-46,-23,,R MARTINS FONTES,50,,256,256,12288,12288,,96,950000,950000,,Claro,,,./0.png
-46.741410000029,-23.6437799988387,Claro_1007676423,-46,-23,,R ISAÍAS BRANCO DE ARAÚJO,50,,256,256,12288,12288,,96,950000,950000,,Claro,,,./0.png
-46.6336000000292,-23.5359999988423,Claro_687686105,-46,-23,,AV PRESTES MAIA,50,,256,256,12288,12288,,96,950000,950000,,Claro,,,./0.png
-46.6417000000292,-23.545009998842,Claro_499999460,-46,-23,,R DOM JOSÉ DE BARROS,50,,256,256,12288,12288,,96,950000,950000,,Claro,,,./0.png
-46.679350000029,-23.5404099988421,Claro_683841920,-46,-23,,R IPEROIG,50,,256,256,12288,12288,,96,950000,950000,,Claro,,,./0.png
-46.6367000000292,-23.5594999988416,Claro_2164035,-46,-23,,R FAGUNDES,50,,256,256,12288,12288,,96,950000,950000,,Claro,,,./0.png
-46.6622900000291,-23.5588499988416,Claro_442158556,-46,-23,,AL SANTOS,50,,256,256,12288,12288,,96,950000,950000,,Claro,,,./0.png
-46.6566000000291,-23.5532599988417,Claro_683887840,-46,-23,,R BELA CINTRA,50,,256,256,12288,12288,,96,950000,950000,,Claro,,,./0.png
-46.6509800000292,-23.5593924988416,Claro_534591981,-46,-23,,R SILVIA,50,,256,256,12288,12288,,96,950000,950000,,Claro,,,./0.png
-46.6541000000292,-23.5574999988416,Claro_689126034,-46,-23,,R DONA ADMA JAFET,50,,256,256,12288,12288,,96,950000,950000,,Claro,,,./0.png
-46.6551700000292,-23.5585499988416,Claro_683889133,-46,-23,,R PEIXOTO GOMIDE,50,,256,256,12288,12288,,96,950000,950000,,Claro,,,./0.png
-46.6333200000292,-23.5426999988421,Claro_683942468,-46,-23,,R FLORÊNCIO DE ABREU,50,,256,256,12288,12288,,96,950000,950000,,Claro,,,./0.png
-46.6656000000291,-23.5555599988417,Claro_3428370,-46,-23,,R MINAS GERAIS,50,,256,256,12288,12288,,96,950000,950000,,Claro,,,./0.png
-46.6462100000291,-23.5317599988425,Claro_687666813,-46,-23,,AV RIO BRANCO,50,,256,256,12288,12288,,96,950000,950000,,Claro,,,./0.png
-46.6574700000291,-23.5559399988417,Claro_405602804,-46,-23,,R AUGUSTA,50,,256,256,12288,12288,,96,950000,950000,,Claro,,,./0.png
-46.6528800000292,-23.5634999988414,Claro_1004601899,-46,-23,,AV PAULISTA,50,,256,256,12288,12288,,96,950000,950000,,Claro,,,./0.png
-46.6440000000292,-23.5406999988422,Claro_405604890,-46,-23,,R VITÓRIA,50,,256,256,12288,12288,,96,950000,950000,,Claro,,,./0.png
-46.6323500000292,-23.516339998843,Claro_689623232,-46,-23,,AV SANTOS DUMONT,50,,256,256,12288,12288,,96,950000,950000,,Claro,,,./0.png
-46.6179000000292,-23.515499998843,Claro_3624030,-46,-23,,TRAVESSA CASALBUONO,50,,256,256,12288,12288,,96,950000,950000,,Claro,,,./0.png
-46.6686100000291,-23.5480599988419,Claro_1010141373,-46,-23,,"RUA SILVIO PORTUGAL, 352, PACAEMBU",50,,256,256,12288,12288,,96,950000,950000,,Claro,,,./0.png
-46.6565100000291,-23.5297099988425,Claro_697423727,-46,-23,,R CONSELHEIRO BROTERO,50,,256,256,12288,12288,,96,950000,950000,,Claro,,,./0.png
-46.6441200000292,-23.5551299988417,Claro_442911866,-46,-23,,R MANOEL DUTRA,50,,256,256,12288,12288,,96,950000,950000,,Claro,,,./0.png
-46.6574200000291,-23.545589998842,Claro_683935518,-46,-23,,R PIAUÍ,50,,256,256,12288,12288,,96,950000,950000,,Claro,,,./0.png
-46.6490500000292,-23.5555299988417,Claro_683888641,-46,-23,,R MANOEL DUTRA,50,,256,256,12288,12288,,96,950000,950000,,Claro,,,./0.png
-46.6540200000292,-23.5641399988414,Claro_688033202,-46,-23,,AV PAULISTA,50,,256,256,12288,12288,,96,950000,950000,,Claro,,,./0.png
-46.6157000000293,-23.5424999988422,Claro_683886614,-46,-23,,AV RANGEL PESTANA,50,,256,256,12288,12288,,96,950000,950000,,Claro,,,./0.png
-46.6423000000291,-23.5353999988423,Claro_682653870,-46,-23,,PC PRINCESA ISABEL,50,,256,256,12288,12288,,96,950000,950000,,Claro,,,./0.png
-46.6701400000291,-23.5380099988422,Claro_683943723,-46,-23,,R MONTE ALEGRE,50,,256,256,12288,12288,,96,950000,950000,,Claro,,,./0.png
-46.6660500000291,-23.5675899988413,Claro_405604203,-46,-23,,AL MINISTRO ROCHA AZEVEDO,50,,256,256,12288,12288,,96,950000,950000,,Claro,,,./0.png
-46.6675000000291,-23.5466699988419,Claro_1010112128,-46,-23,,"RUA MODIGLIANI, 209, PACAEMBU",50,,256,256,12288,12288,,96,950000,950000,,Claro,,,./0.png
-46.6308000000293,-23.5519999988418,Claro_683895176,-46,-23,,RUA TABATINGUERA,50,,256,256,12288,12288,,96,950000,950000,,Claro,,,./0.png
-46.6224300000292,-23.5339099988424,Claro_399914668,-46,-23,,R VITOR HUGO,50,,256,256,12288,12288,,96,950000,950000,,Claro,,,./0.png
-46.6059000000293,-23.5200999988429,Claro_683885979,-46,-23,,TRAVESSA MARIA JULIA BIANCALANA ESTEVES,50,,256,256,12288,12288,,96,950000,950000,,Claro,,,./0.png
-46.669410000029,-23.5289599988425,Claro_1015744386,-46,-23,,AVENIDA FRANCISCO MATARAZZO,50,,256,256,12288,12288,,96,950000,950000,,Claro,,,./0.png
-46.6613000000291,-23.5389999988422,Claro_689028903,-46,-23,,"R CONSELHEIRO BROTERO, 1486, SANTA CECÍLIA",50,,256,256,12288,12288,,96,950000,950000,,Claro,,,./0.png
-46.6117400000293,-23.549339998842,Claro_696682320,-46,-23,,R DOUTOR ALMEIDA LIMA,50,,256,256,12288,12288,,96,950000,950000,,Claro,,,./0.png
-46.675530000029,-23.5334499988423,Claro_693060794,-46,-23,,R APIACÁS,50,,256,256,12288,12288,,96,950000,950000,,Claro,,,./0.png
-46.6857700000291,-23.5627999988414,Claro_683866729,-46,-23,,R TEODORO SAMPAIO,50,,256,256,12288,12288,,96,950000,950000,,Claro,,,./0.png
-46.6385600000292,-23.5503399988419,Claro_534592058,-46,-23,,R ASDRUBAL DO NASCIMENTO,50,,256,256,12288,12288,,96,950000,950000,,Claro,,,./0.png
-46.6341500000292,-23.5586799988416,Claro_1015784493,-46,-23,,R DA GLORIA,50,,256,256,12288,12288,,96,950000,950000,,Claro,,,./0.png
-46.6386900000292,-23.5519799988418,Claro_683942417,-46,-23,,R MARIA PAULA,50,,256,256,12288,12288,,96,950000,950000,,Claro,,,./0.png
-46.6727800000291,-23.5480599988419,Claro_1010112209,-46,-23,,"RUA ALMIRANTE PEREIRA GUIMARAES, 425, PACAEMBU",50,,256,256,12288,12288,,96,950000,950000,,Claro,,,./0.png
-46.6397400000291,-23.5289499988425,Claro_696668645,-46,-23,,R SILVA PINTO,50,,256,256,12288,12288,,96,950000,950000,,Claro,,,./0.png
-46.6387800000292,-23.5537799988418,Claro_1006991414,-46,-23,,AV BRIGADEIRO LUIS ANTONIO,50,,256,256,12288,12288,,96,950000,950000,,Claro,,,./0.png
-46.6414000000292,-23.5446999988421,Claro_690656688,-46,-23,,R BARÃO DE ITAPETININGA,50,,256,256,12288,12288,,96,950000,950000,,Claro,,,./0.png
-46.6691700000291,-23.5505599988418,Claro_1010112144,-46,-23,,"RUA PRINCIPADO DE MONACO, 159, PACAEMBU",50,,256,256,12288,12288,,96,950000,950000,,Claro,,,./0.png
-46.6766900000291,-23.5593099988415,Claro_683893670,-46,-23,,R ARTUR DE AZEVEDO,50,,256,256,12288,12288,,96,950000,950000,,Claro,,,./0.png
-46.6550800000291,-23.5345699988423,Claro_683841980,-46,-23,,PC MARECHAL DEODORO,50,,256,256,12288,12288,,96,950000,950000,,Claro,,,./0.png
-46.683640000029,-23.5548399988416,Claro_696683407,-46,-23,,R ÁSIA,50,,256,256,12288,12288,,96,950000,950000,,Claro,,,./0.png
-46.6244300000292,-23.5408199988422,Claro_683915754,-46,-23,,R BENJAMIN DE OLIVEIRA,50,,256,256,12288,12288,,96,950000,950000,,Claro,,,./0.png
-46.687420000029,-23.5569999988416,Claro_534888461,-46,-23,,R HARMONIA,50,,256,256,12288,12288,,96,950000,950000,,Claro,,,./0.png
-46.6086000000293,-23.5430999988422,Claro_399914587,-46,-23,,RUA VINTE E UM DE ABRIL,50,,256,256,12288,12288,,96,950000,950000,,Claro,,,./0.png
-46.6488000000291,-23.5397999988422,Claro_683942026,-46,-23,,R FREDERICO ABRANCHES,50,,256,256,12288,12288,,96,950000,950000,,Claro,,,./0.png
-46.6611500000291,-23.5554299988417,Claro_683887904,-46,-23,,R BELA CINTRA,50,,256,256,12288,12288,,96,950000,950000,,Claro,,,./0.png
-46.6546100000291,-23.5383399988422,Claro_1015784418,-46,-23,,AV ANGÉLICA,50,,256,256,12288,12288,,96,950000,950000,,Claro,,,./0.png
-46.6338200000292,-23.545289998842,Claro_1015821852,-46,-23,,R R. JOÃO BRÍCOLA,50,,256,256,12288,12288,,96,950000,950000,,Claro,,,./0.png
-46.6368000000292,-23.5377999988423,Claro_690944942,-46,-23,,R WASHINGTON LUIZ,50,,256,256,12288,12288,,96,950000,950000,,Claro,,,./0.png
-46.678500000029,-23.5276999988425,Claro_1005185716,-46,-23,,AV FRANCISCO MATARAZZO,50,,256,256,12288,12288,,96,950000,950000,,Claro,,,./0.png
-46.7510200000291,-23.6676099988379,Claro_1015823235,-46,-23,,R EXPEDITO DE OLIVEIRA SANTOS,50,,256,256,12288,12288,,96,950000,950000,,Claro,,,./0.png
-46.674320000029,-23.5421099988421,Claro_684148161,-46,-23,,R PROFESSOR JOAO ARRUDA,50,,256,256,12288,12288,,96,950000,950000,,Claro,,,./0.png
-46.6244000000292,-23.5310999988425,Claro_683886843,-46,-23,,R ITARIRI,50,,256,256,12288,12288,,96,950000,950000,,Claro,,,./0.png
-46.667310000029,-23.5226999988427,Claro_689986289,-46,-23,,R FEDERAÇÃO PAULISTA DE FUTEBOL,50,,256,256,12288,12288,,96,950000,950000,,Claro,,,./0.png
-46.6383400000291,-23.5228399988427,Claro_1011908872,-46,-23,,R SOLON,50,,256,256,12288,12288,,96,950000,950000,,Claro,,,./0.png
-46.6623900000291,-23.5323399988424,Claro_683894439,-46,-23,,AV GENERAL OLIMPIO DA SILVEIRA,50,,256,256,12288,12288,,96,950000,950000,,Claro,,,./0.png
-46.6324000000293,-23.5635999988415,Claro_683895893,-46,-23,,R PANDIÁ CALOGERAS,50,,256,256,12288,12288,,96,950000,950000,,Claro,,,./0.png
-46.6770000000291,-23.5510999988418,Claro_690501900,-46,-23,,AV DOUTOR ARNALDO,50,,256,256,12288,12288,,96,950000,950000,,Claro,,,./0.png
-46.6627600000291,-23.5248399988426,Claro_1353721,-46,-23,,R DA VÁRZEA,50,,256,256,12288,12288,,96,950000,950000,,Claro,,,./0.png
-46.6279700000293,-23.5629199988415,Claro_1015784507,-46,-23,,R DIOGO VAZ,50,,256,256,12288,12288,,96,950000,950000,,Claro,,,./0.png
-46.6407000000292,-23.5492999988419,Claro_687666791,-46,-23,,R SANTO ANTONIO,50,,256,256,12288,12288,,96,950000,950000,,Claro,,,./0.png
-46.6366000000292,-23.5401399988422,Claro_683941925,-46,-23,,AV IPIRANGA,50,,256,256,12288,12288,,96,950000,950000,,Claro,,,./0.png
-46.7815200000289,-23.6604999988381,Claro_697430812,-46,-23,,R LUZIA PINHATTA ANDREATTI,50,,256,256,12288,12288,,96,950000,950000,,Claro,,,./0.png
-46.6725500000291,-23.542779998842,Claro_684823616,-46,-23,,R CARDOSO DE ALMEIDA,50,,256,256,12288,12288,,96,950000,950000,,Claro,,,./0.png
-46.6214200000293,-23.5674199988414,Claro_2952491,-46,-23,,R LINS DE VASCONCELOS,50,,256,256,12288,12288,,96,950000,950000,,Claro,,,./0.png
-46.6522200000291,-23.5355499988423,Claro_683942182,-46,-23,,R GENERAL JÚLIO MARCONDES SALGADO,50,,256,256,12288,12288,,96,950000,950000,,Claro,,,./0.png
-46.685730000029,-23.543729998842,Claro_577969471,-46,-23,,R DOUTOR PAULO VIEIRA,50,,256,256,12288,12288,,96,950000,950000,,Claro,,,./0.png
-46.6786000000291,-23.5646999988413,Claro_2080850,-46,-23,,AV REBOUÇAS,50,,256,256,12288,12288,,96,950000,950000,,Claro,,,./0.png
-46.6082000000292,-23.5251999988427,Claro_403012821,-46,-23,,R PADRE TADDEI,50,,256,256,12288,12288,,96,950000,950000,,Claro,,,./0.png
-46.6232000000292,-23.5201999988429,Claro_699979170,-46,-23,,AV PRESIDENTE CASTELO BRANCO,50,,256,256,12288,12288,,96,950000,950000,,Claro,,,./0.png
-46.6218500000293,-23.548109998842,Claro_683886630,-46,-23,,R CAETANO PINTO,50,,256,256,12288,12288,,96,950000,950000,,Claro,,,./0.png
-46.6702800000291,-23.5494399988418,Claro_1010112160,-46,-23,,"RUA CASSIO MARTINS VILACA, 390, PACAEMBU",50,,256,256,12288,12288,,96,950000,950000,,Claro,,,./0.png
-46.6545700000292,-23.5565599988417,Claro_431368082,-46,-23,,R BARATA RIBEIRO,50,,256,256,12288,12288,,96,950000,950000,,Claro,,,./0.png
-46.6596000000291,-23.5580999988416,Claro_690901321,-46,-23,,"AV PAULISTA, 2.100, BELA VISTA",50,,256,256,12288,12288,,96,950000,950000,,Claro,,,./0.png
-46.6527800000292,-23.5640799988414,Claro_3398692,-46,-23,,AV PAULISTA,50,,256,256,12288,12288,,96,950000,950000,,Claro,,,./0.png
-46.6634000000291,-23.5609299988415,Claro_1349821,-46,-23,,R AUGUSTA,50,,256,256,12288,12288,,96,950000,950000,,Claro,,,./0.png
-46.6346400000292,-23.5523499988418,Claro_631362940,-46,-23,,R JOÃO MENDES,50,,256,256,12288,12288,,96,950000,950000,,Claro,,,./0.png
-46.6285100000292,-23.5175999988429,Claro_690661061,-46,-23,,R VOLUNTÁRIOS DA PÁTRIA,50,,256,256,12288,12288,,96,950000,950000,,Claro,,,./0.png
-46.6344000000292,-23.5483999988419,Claro_441799426,-46,-23,,R DIREITA,50,,256,256,12288,12288,,96,950000,950000,,Claro,,,./0.png
-46.7231000000291,-23.6415799988388,Claro_2744228,-46,-23,,R ACARÍ,50,,256,256,12288,12288,,96,950000,950000,,Claro,,,./0.png
-46.6398000000292,-23.5405999988422,Claro_684960893,-46,-23,,AV RIO BRANCO,50,,256,256,12288,12288,,96,950000,950000,,Claro,,,./0.png
-46.6455000000292,-23.5431999988421,Claro_682813044,-46,-23,,RUA BENTO DE FREITAS,50,,256,256,12288,12288,,96,950000,950000,,Claro,,,./0.png
-46.6238900000293,-23.5514999988419,Claro_1349872,-46,-23,,R VISCONDE DE PARNAÍBA,50,,256,256,12288,12288,,96,950000,950000,,Claro,,,./0.png
-46.6452500000292,-23.5636599988414,Claro_682725781,-46,-23,,RUA TREZE DE MAIO,50,,256,256,12288,12288,,96,950000,950000,,Claro,,,./0.png
-46.683950000029,-23.5171099988428,Claro_683013297,-46,-23,,AVENIDA MARQUES DE SÃO VICENTE,50,,256,256,12288,12288,,96,950000,950000,,Claro,,,./0.png
-46.6402900000292,-23.5384499988423,Claro_697127680,-46,-23,,RUA VITÓRIA,50,,256,256,12288,12288,,96,950000,950000,,Claro,,,./0.png
-46.6410600000292,-23.5581499988416,Claro_608248410,-46,-23,,AV BRIGADEIRO LUIS ANTONIO,50,,256,256,12288,12288,,96,950000,950000,,Claro,,,./0.png
-46.753960000029,-23.6633699988381,Claro_697433200,-46,-23,,R MERCEDES NASSER SABBAG,50,,256,256,12288,12288,,96,950000,950000,,Claro,,,./0.png
-46.6540000000291,-23.5503199988418,Claro_683893700,-46,-23,,R CONSOLAÇÃO,50,,256,256,12288,12288,,96,950000,950000,,Claro,,,./0.png
-46.6308305555847,-23.5229499988428,Tiradentes 01,-46,-23,,,50,,256,256,12288,12288,,96,950000,950000,Vtal_01,VTAL,,Tiradentes 01,./1.png
-46.6319111111403,-23.5291499988426,Tiradentes 02,-46,-23,,,50,,256,256,12288,12288,,96,950000,950000,Vtal_02,VTAL,,Tiradentes 02,./1.png
-46.6368194444736,-23.5349388877313,Luz 01,-46,-23,,,50,,256,256,12288,12288,,96,950000,950000,Vtal_03,VTAL,,Luz 01,./1.png
-46.6338805555847,-23.5351305543979,Luz 02,-46,-23,,,50,,256,256,12288,12288,,96,950000,950000,Vtal_04,VTAL,,Luz 02,./1.png
-46.6304000000292,-23.547519442842,Term D Pedro 01,-46,-23,,,50,,256,256,12288,12288,,96,950000,950000,Vtal_05,VTAL,,Term D Pedro 01,./1.png
-46.6312000000292,-23.5462194432865,Term D Pedro 02,-46,-23,,,50,,256,256,12288,12288,,96,950000,950000,Vtal_06,VTAL,,Term D Pedro 02,./1.png
-46.6665111111402,-23.5573805543972,Rebouças 01,-46,-23,,,50,,256,256,12288,12288,,96,950000,950000,Vtal_07,VTAL,,Rebouças 01,./1.png
-46.6643000000291,-23.5562611098416,Rebouças 02,-46,-23,,,50,,256,256,12288,12288,,96,950000,950000,Vtal_08,VTAL,,Rebouças 02,./1.png
-46.7679388889179,-23.660238887727,Capão Redondo 01,-46,-23,,,50,,256,256,12288,12288,,96,950000,950000,Vtal_09,VTAL,,Capão Redondo 01,./1.png
-46.7672694444734,-23.6588305543937,Capão Redondo 02,-46,-23,,,50,,256,256,12288,12288,,96,950000,950000,Vtal_10,VTAL,,Capão Redondo 02,./1.png
-46.7344805555846,-23.6432888877276,João Dias 01,-46,-23,,,50,,256,256,12288,12288,,96,950000,950000,Vtal_11,VTAL,,João Dias 01,./1.png
-46.7344111111402,-23.6442305543942,João Dias 02,-46,-23,,,50,,256,256,12288,12288,,96,950000,950000,Vtal_12,VTAL,,João Dias 02,./1.png
